{"train_D_loss": 0.6609511375427246, "train_G_loss": 0.005489264614880085, "train_psnr": 29.390920996665955, "train_SV_Gnet_conv1": 4.207676410675049, "train_SV_Gnet_conv2": 5.7425689697265625, "train_SV_Gnet_conv3": 6.067498207092285, "train_SV_Dnet_conv1": 5.004520893096924, "train_SV_Dnet_conv2": 8.32645034790039, "train_SV_Dnet_conv3": 12.30965805053711, "train_SV_FE_conv1": 4.723114013671875, "train_SV_FE_conv2": 6.467381954193115, "train_SV_FE_conv3": 8.728862762451172, "_timestamp": 1679488740, "_runtime": 69350, "_step": 55807, "img": {"_type": "images/separated", "width": 134, "height": 134, "format": "png", "count": 4, "filenames": ["media/images/img_55706_a9cb51a7acbab70284da.png", "media/images/img_55706_6b84cebe0b64f568cb6e.png", "media/images/img_55706_1196f9cea13b99c77b6c.png", "media/images/img_55706_8cab654232191c553a67.png"], "captions": ["GT", "SR", "grad", "laplace"]}}