{"train_D_loss": 0.7140873074531555, "train_G_loss": 0.006921519059687853, "train_psnr": 28.7392395734787, "train_SV_Gnet_conv1": 4.208373069763184, "train_SV_Gnet_conv2": 5.743508338928223, "train_SV_Gnet_conv3": 6.068383693695068, "train_SV_Dnet_conv1": 5.0042405128479, "train_SV_Dnet_conv2": 8.327239990234375, "train_SV_Dnet_conv3": 12.312459945678711, "train_SV_FE_conv1": 4.7232232093811035, "train_SV_FE_conv2": 6.4707159996032715, "train_SV_FE_conv3": 8.727715492248535, "_timestamp": 1679488776, "_runtime": 69386, "_step": 55836, "img": {"_type": "images/separated", "width": 134, "height": 134, "format": "png", "count": 4, "filenames": ["media/images/img_55706_a9cb51a7acbab70284da.png", "media/images/img_55706_6b84cebe0b64f568cb6e.png", "media/images/img_55706_1196f9cea13b99c77b6c.png", "media/images/img_55706_8cab654232191c553a67.png"], "captions": ["GT", "SR", "grad", "laplace"]}}