{"train_D_loss": 0.6928256750106812, "train_G_loss": 0.7546775341033936, "train_psnr": -10.813363194465637, "train_SV_Gnet_conv1": 4.59745979309082, "train_SV_Gnet_conv2": 4.625658988952637, "train_SV_Gnet_conv3": 4.6178154945373535, "train_SV_Dnet_conv1": 4.657057285308838, "train_SV_Dnet_conv2": 4.616211891174316, "train_SV_Dnet_conv3": 6.539815902709961, "train_SV_FE_conv1": 4.612199783325195, "train_SV_FE_conv2": 4.6111674308776855, "train_SV_FE_conv3": 6.540410995483398, "_timestamp": 1679419287, "_runtime": 21, "_step": 0, "_wandb": {"runtime": 21}}