{"train_D_loss": 0.015387384220957756, "train_G_loss": 0.060383282601833344, "train_psnr": 6.1071318667382, "train_SV_Gnet_conv1": 4.6735334396362305, "train_SV_Gnet_conv2": 4.623965263366699, "train_SV_Gnet_conv3": 4.615866661071777, "train_SV_Dnet_conv1": 4.600620269775391, "train_SV_Dnet_conv2": 4.632723331451416, "train_SV_Dnet_conv3": 6.5409746170043945, "train_SV_FE_conv1": 4.596607685089111, "train_SV_FE_conv2": 4.604437351226807, "train_SV_FE_conv3": 6.537663459777832, "_timestamp": 1679327964, "_runtime": 148, "_step": 131, "img": {"_type": "images/separated", "width": 134, "height": 134, "format": "png", "count": 4, "filenames": ["media/images/img_1_98094784fed6765ae2dd.png", "media/images/img_1_f3080d7270bcaa3b2c77.png", "media/images/img_1_083951711884e484dc17.png", "media/images/img_1_8eb92f48a8a356488788.png"], "captions": ["GT", "SR", "grad", "laplace"]}}